experiment,region,model,n,roc_auc,f1
Exp1_temporal,SA,logreg,53,0.4808,0.3043
Exp1_temporal,SA,rf,53,0.4673,0.1739
Exp1_temporal,SA,xgboost,53,0.5269,0.2963
Exp1_temporal,US,logreg,301,0.5962,0.2714
Exp1_temporal,US,rf,301,0.5923,0.2273
Exp1_temporal,US,xgboost,301,0.5732,0.2453
Exp2_temporal_sentiment,SA,logreg,53,0.6308,0.3889
Exp2_temporal_sentiment,SA,rf,53,0.7096,0.3
Exp2_temporal_sentiment,SA,xgboost,53,0.6442,0.4286
Exp2_temporal_sentiment,US,logreg,301,0.5942,0.2667
Exp2_temporal_sentiment,US,rf,301,0.563,0.0845
Exp2_temporal_sentiment,US,xgboost,301,0.5755,0.2041
Exp3_temporal_sentiment_regional,SA,logreg,53,0.6231,0.3333
Exp3_temporal_sentiment_regional,SA,rf,53,0.7077,0.3158
Exp3_temporal_sentiment_regional,SA,xgboost,53,0.5923,0.3333
Exp3_temporal_sentiment_regional,US,logreg,301,0.5568,0.2781
Exp3_temporal_sentiment_regional,US,rf,301,0.5643,0.058
Exp3_temporal_sentiment_regional,US,xgboost,301,0.5584,0.202
