region,comparison,model,n_test,n_positive,auc_old,auc_old_lo,auc_old_hi,auc_new,auc_new_lo,auc_new_hi,gain,gain_lo,gain_hi,delong_p,gain_ci_spans_zero,verdict
SA,Exp2_temporal_sentiment_vs_Exp1_temporal,logreg,170,33,0.6194,0.5104,0.7255,0.5833,0.4749,0.6862,-0.0362,-0.0987,0.0238,0.23712,True,not established
SA,Exp2_temporal_sentiment_vs_Exp1_temporal,rf,170,33,0.64,0.5309,0.7428,0.6771,0.5717,0.7764,0.037,-0.05,0.1248,0.40929,True,not established
SA,Exp2_temporal_sentiment_vs_Exp1_temporal,xgboost,170,33,0.5794,0.4642,0.6902,0.6016,0.4905,0.7121,0.0222,-0.0679,0.1148,0.63599,True,not established
SA,Exp3_temporal_sentiment_regional_vs_Exp2_temporal_sentiment,logreg,170,33,0.5833,0.4749,0.6862,0.5859,0.4838,0.6861,0.0027,-0.0451,0.0565,0.9182,True,not established
SA,Exp3_temporal_sentiment_regional_vs_Exp2_temporal_sentiment,rf,170,33,0.6771,0.5717,0.7764,0.6196,0.5055,0.727,-0.0575,-0.1136,-0.0065,0.03715,False,not established
SA,Exp3_temporal_sentiment_regional_vs_Exp2_temporal_sentiment,xgboost,170,33,0.6016,0.4905,0.7121,0.595,0.4828,0.705,-0.0066,-0.052,0.0393,0.77628,True,not established
US,Exp2_temporal_sentiment_vs_Exp1_temporal,logreg,339,72,0.5911,0.5187,0.6621,0.5838,0.5096,0.6552,-0.0073,-0.0436,0.0276,0.68196,True,not established
US,Exp2_temporal_sentiment_vs_Exp1_temporal,rf,339,72,0.5779,0.5062,0.6471,0.5555,0.482,0.6287,-0.0224,-0.0776,0.0304,0.40462,True,not established
US,Exp2_temporal_sentiment_vs_Exp1_temporal,xgboost,339,72,0.5372,0.4629,0.612,0.5283,0.4546,0.6008,-0.0089,-0.0689,0.0473,0.76172,True,not established
US,Exp3_temporal_sentiment_regional_vs_Exp2_temporal_sentiment,logreg,339,72,0.5838,0.5096,0.6552,0.579,0.5003,0.6544,-0.0048,-0.0506,0.0387,0.83654,True,not established
US,Exp3_temporal_sentiment_regional_vs_Exp2_temporal_sentiment,rf,339,72,0.5555,0.482,0.6287,0.5728,0.5001,0.6419,0.0173,-0.0107,0.0449,0.21841,True,not established
US,Exp3_temporal_sentiment_regional_vs_Exp2_temporal_sentiment,xgboost,339,72,0.5283,0.4546,0.6008,0.5408,0.4696,0.6124,0.0125,-0.0174,0.0432,0.41625,True,not established
